feature,importance
numeric__raw_name_jp_char_len,0.11298425650446052
numeric__character_name_jp_char_len,0.1033863779809402
numeric__affiliation_context_jp_char_len,0.057736248945265606
categorical__canon_tier_hint_Primary animation / screen work,0.055406900990754175
numeric__is_military_or_combat_faction_proxy,0.04746222330140597
categorical__canon_tier_hint_Expanded universe / non-screen or game,0.04165091802581898
categorical__faction_family_Civilian / Other,0.02946692517051207
categorical__universe_code_UC / alternate UC,0.0254511805452071
categorical__work_title_jp_機動戦士ガンダム C.D.A. 若き彗星の肖像,0.01669436670870139
categorical__medium_hint_TV anime,0.015400479077870647
categorical__work_title_jp_機動戦士Ζガンダム,0.01483853560055472
categorical__medium_hint_Manga,0.013366975984334258
categorical__affiliation_context_jp_ティターンズ/地球連邦軍,0.013076846936171109
categorical__faction_family_Other / Unknown faction,0.012504714939895144
categorical__work_title_jp_機動戦士Vガンダム,0.01223609644118774
categorical__medium_hint_TV anime + Movie + Novel,0.011134132625538268
categorical__affiliation_context_jp_infrequent_sklearn,0.009915034988582613
categorical__faction_family_Zeon / Neo Zeon / Zeon remnants,0.009162781535141731
numeric__is_zeon_related_proxy,0.009161428507760496
numeric__aliases_or_alt_names_jp_char_len,0.008722195442166425
categorical__affiliation_context_jp_地球連邦軍（ティターンズ、エゥーゴ含む）,0.008579652914485328
categorical__work_title_jp_機動戦士ガンダム,0.00842240449046777
categorical__medium_hint_TV anime + Movie,0.008240747074586966
categorical__affiliation_context_jp_地球連邦軍,0.008130360666110224
categorical__universe_code_AW,0.00780239744152255
categorical__affiliation_context_jp_民間人・その他,0.007561001169399531
categorical__affiliation_context_jp_エゥーゴ,0.006835708804048117
categorical__medium_hint_Movie,0.006810579904457848
categorical__medium_hint_Game,0.006704172579995671
categorical__faction_family_Build / Gunpla team,0.006630176557245954
categorical__universe_code_Build,0.006453645455321774
categorical__faction_family_Earth Federation / Londo Bell / Titans,0.006412457466986568
categorical__affiliation_context_jp_Unknown,0.006411436709740424
categorical__medium_hint_Unknown,0.006204009027684126
categorical__faction_family_Unknown,0.006165204957086921
numeric__affiliation_context_jp_is_known,0.0058384868892981745
categorical__medium_hint_Novel,0.0057336731315347465
categorical__canon_tier_hint_Unknown,0.00569180508534311
numeric__is_federation_related_proxy,0.005499211371253272
categorical__faction_family_AEUG / Karaba,0.005220563001748675
categorical__work_title_jp_劇場版 機動戦士ガンダム00 -A wakening of the Trailblazer-,0.0049526590649644625
categorical__work_title_jp_機動戦士Gundam GQuuuuuuX,0.004791999623542562
categorical__affiliation_context_jp_ジオン公国軍,0.004781535899069587
categorical__affiliation_context_jp_ジオン公国軍（シャア・アズナブル少佐旗下）,0.004639148389759022
categorical__work_title_jp_機動戦士ガンダムUC 『袖付き』の機付長は詩詠う,0.004623685909582621
numeric__aliases_or_alt_names_jp_is_known,0.0044819796338615705
categorical__universe_code_CE,0.0041749985791888254
categorical__medium_hint_Model/variation project,0.004145357534995898
categorical__affiliation_context_jp_リガ・ミリティア（シュラク隊）,0.004127716920748676
categorical__work_title_jp_機動戦士ガンダム00,0.0040665797850232
categorical__medium_hint_OVA,0.004056561490081998
numeric__has_alias_or_alt_identity,0.0039205885303331255
categorical__universe_code_FC,0.003918419729298391
categorical__universe_code_AD,0.0038673387784750623
categorical__work_title_jp_機動戦士ガンダムSEED,0.0035789363200697927
categorical__universe_code_AG,0.0035239471143990414
categorical__affiliation_context_jp_ソレスタルビーイング,0.0034844169707262873
categorical__work_title_jp_機動武闘伝Gガンダム,0.0034463570394984416
categorical__affiliation_context_jp_ジオン残党兵,0.003303048637692928
categorical__faction_family_Celestial Being,0.0032694856970866327
categorical__work_title_jp_機動戦士ガンダムAGE,0.00325130130848902
categorical__work_title_jp_機動戦士ガンダム 鉄血のオルフェンズ,0.003241741551310104
categorical__universe_code_AS,0.0031457393474158533
categorical__work_title_jp_機動戦士ガンダムUC,0.0031208598743407093
categorical__work_title_jp_機動戦士ガンダム MS IGLOO,0.0031198488469308776
categorical__work_title_jp_機動戦士ガンダム 逆襲のシャア,0.003036246312467765
categorical__affiliation_context_jp_ネネカ隊,0.002918077475804654
categorical__medium_hint_OVA + Audio drama,0.0029148238691660993
categorical__medium_hint_Magazine project,0.0029125401059951835
categorical__affiliation_context_jp_ジオン公国軍（マ・クベ大佐旗下）,0.0029090321498571607
categorical__medium_hint_OVA + Novel,0.0028811582066873313
categorical__affiliation_context_jp_その他,0.0028026153407030904
categorical__work_title_jp_機動戦士ゼータガンダム1/2,0.0027922210960843134
categorical__work_title_jp_機動戦士ガンダムSEED DESTINY,0.0027105135869183532
categorical__universe_code_PD,0.002618792787774465
categorical__work_title_jp_機動新世紀ガンダムX,0.0025847418541203146
categorical__work_title_jp_機動戦士ガンダムΖΖ,0.002564325423287419
categorical__universe_code_AC,0.002557914904266367
categorical__affiliation_context_jp_プラント最高評議会,0.002360966398469378
categorical__work_title_jp_機動戦士ガンダム0080 ポケットの中の戦争,0.002239383326139622
categorical__work_title_jp_Gの影忍,0.00214792104082986
categorical__work_title_jp_機動戦士ガンダムNT,0.0021210549989388264
categorical__work_title_jp_∀ガンダム,0.0020564762607480527
categorical__affiliation_context_jp_オーブ連合首長国,0.0019645465695708616
categorical__work_title_jp_機動戦士ガンダム0083 STARDUST MEMORY,0.0019461543965918536
categorical__medium_hint_Manga + Novel,0.0019434817477634123
categorical__affiliation_context_jp_アークエンジェル,0.0019385368596240551
categorical__medium_hint_Movie + OVA + Audio drama,0.0018185702212754813
categorical__affiliation_context_jp_ユニオン,0.0018000014914186138
categorical__medium_hint_Manga + Web anime,0.0017910932670424104
categorical__work_title_jp_機動戦士ガンダム 第08MS小隊,0.001790236640699683
categorical__affiliation_context_jp_イノベイター勢力,0.0017899737822732029
categorical__affiliation_context_jp_地球連邦政府,0.001786018695402849
categorical__work_title_jp_機動戦士ガンダム 水星の魔女 PROLOGUE,0.0017563834703743484
categorical__affiliation_context_jp_テイワズ,0.0017026155674167822
categorical__faction_family_Earth Alliance / Blue Cosmos,0.001676016233393485
categorical__affiliation_context_jp_地球連邦軍（ロンド・ベル）,0.0016619973167538527
categorical__affiliation_context_jp_第13回ガンダムファイト代表ガンダムファイター,0.0016389599098886602
categorical__affiliation_context_jp_ジオン公国軍（宇宙世紀0085年から登場する人物）,0.0016067256924213239
categorical__work_title_jp_機動戦士ガンダムF91,0.0015552436477599208
categorical__faction_family_ZAFT / PLANT,0.00155205752079219
categorical__work_title_jp_新機動戦記ガンダムW,0.0015291249213895226
categorical__work_title_jp_機動戦士ガンダム サンダーボルト,0.0015242896582168689
categorical__affiliation_context_jp_地球連合軍,0.001476123118306027
categorical__affiliation_context_jp_ベネリットグループ / MS開発評議会,0.0013577869065132793
categorical__affiliation_context_jp_ヴェイガン,0.0013508656509831534
categorical__affiliation_context_jp_アクシズ（穏健派、強硬派含む）,0.0013383281204156759
categorical__affiliation_context_jp_ジオン公国軍（マッドアングラー隊）,0.0013014369881417611
categorical__work_title_jp_ADVANCE OF Ζ ティターンズの旗のもとに,0.0012925223672962387
categorical__affiliation_context_jp_フォルドの夜明け,0.0012777168058898682
numeric__appearance_note_jp_is_known,0.0012569279880819768
categorical__work_title_jp_ガンダムビルドファイターズトライ,0.0012551420627824855
categorical__work_title_jp_機動戦士ガンダム MS IGLOO2,0.0012421126285407094
categorical__faction_family_Orb / Three Ships Alliance,0.0012254539109202093
categorical__work_title_jp_機動戦士ガンダム 水星の魔女,0.0012178338422034153
categorical__affiliation_context_jp_ザフト軍（クルーゼ隊）,0.0012038924743489339
categorical__affiliation_context_jp_クリュセ,0.001172297454057082
categorical__faction_family_Vagan,0.001151265763341653
categorical__affiliation_context_jp_ザフト軍（ミネルバクルー）,0.0011440082970691318
numeric__appearance_note_jp_char_len,0.0011248278148537935
categorical__faction_family_Benerit / Asticassia / Ad Stella,0.0011169543405205712
categorical__faction_family_Union / HRL / AEU,0.001114298466448005
categorical__work_title_jp_機動戦士ガンダム 閃光のハサウェイ,0.0011118181086385306
categorical__work_title_jp_ガイア・ギア,0.001102792813934342
categorical__work_title_jp_infrequent_sklearn,0.0010486012178464695
categorical__affiliation_context_jp_ブルワーズ,0.001042772452114403
categorical__affiliation_context_jp_ギャラルホルン,0.0010345121775579122
categorical__work_title_jp_機動戦士ガンダムSEED FREEDOM,0.0010182255123369808
categorical__affiliation_context_jp_アスノ家,0.0010145834148048995
categorical__work_title_jp_ガンダムビルドファイターズ,0.0009700322239310733
categorical__affiliation_context_jp_地球連邦平和維持軍,0.0009685567357364575
categorical__affiliation_context_jp_ザンスカール帝国（ベスパ、イエロージャケット）,0.00095610602643047
categorical__affiliation_context_jp_地球連邦軍（民間人、レジスタンス含む）,0.0009397746527639576
categorical__faction_family_Tekkadan / CGS,0.0009348578025175193
categorical__affiliation_context_jp_鉄華団 / CGS参番組,0.0008778598818323671
categorical__affiliation_context_jp_ネオ・ジオン残党軍,0.0008760897758904566
categorical__faction_family_Gjallarhorn,0.0008705470924026356
categorical__affiliation_context_jp_クロスボーン・バンガード（ロナ家、ブッホ・コンツェルン関係者含む）,0.0007694448899506595
categorical__affiliation_context_jp_ジオン公国軍（ランバ・ラル大尉旗下）,0.0007618583521759909
categorical__work_title_jp_機動戦士ガンダム 戦略戦術大図鑑,0.0007491824346383314
categorical__work_title_jp_機動戦士ガンダム Twilight AXIS,0.0007128112700337803
categorical__medium_hint_Manga + Game,0.0007095615514629253
categorical__affiliation_context_jp_アロウズ,0.0006970586658032557
categorical__work_title_jp_Developers 機動戦士ガンダム Before One Year War,0.0006851886019832796
categorical__work_title_jp_Unknown,0.0006806174091723543
categorical__affiliation_context_jp_地球連邦軍（マスティマ）,0.0006633558251862737
categorical__work_title_jp_機動戦士ガンダム エコール・デュ・シエル,0.0006588741913461739
categorical__work_title_jp_機動戦士ガンダム戦記,0.0006164162453513241
categorical__affiliation_context_jp_地球連邦軍（第13独立部隊）,0.0006083445995719478
categorical__affiliation_context_jp_ジオン公国軍（シャア・アズナブル大佐旗下）,0.0005855098344806227
categorical__affiliation_context_jp_アスティカシア高等専門学園,0.0005754257572206063
categorical__affiliation_context_jp_民間人・その他（アナハイム・エレクトロニクス含む）,0.0005750598377016027
categorical__work_title_jp_ダブルフェイク アンダー・ザ・ガンダム,0.0005695298328155207
categorical__affiliation_context_jp_ジオン公国軍（ガルマ・ザビ大佐旗下）,0.000568078319248842
categorical__medium_hint_Novel + Web anime,0.0005361473719957464
categorical__affiliation_context_jp_地球連邦軍（シェザール隊）,0.0005337263550756259
categorical__affiliation_context_jp_第7回ガンプラバトル選手権参加者,0.0005166051088899378
categorical__universe_code_RC,0.0004943193082667073
categorical__affiliation_context_jp_ロゴス,0.00047012630558842443
categorical__affiliation_context_jp_地球連邦軍/地球連邦政府,0.00043683368599005894
categorical__work_title_jp_ガンダム・センチネル,0.0004231641023560942
categorical__affiliation_context_jp_ネオ・ジオン残党軍（ガランシェール隊）,0.000397067347069285
categorical__affiliation_context_jp_地球連邦軍（α任務部隊）,0.0003859207353044032
categorical__affiliation_context_jp_アザディスタン王国,0.0003815097646090863
categorical__affiliation_context_jp_ジオン公国軍（宇宙世紀0079年から登場する人物）,0.00037444166084417223
categorical__affiliation_context_jp_忍/機動忍軍,0.0003707959914117687
categorical__affiliation_context_jp_ティターンズ・テスト・チーム,0.00036977008399276685
categorical__work_title_jp_機動戦士ガンダムSEED C.E.73 Δ ASTRAY,0.00036585331831961955
categorical__work_title_jp_機動戦士ガンダムSEED C.E.73 STARGAZER,0.00033887368683651025
categorical__work_title_jp_機動戦士ガンダム　宇宙のイシュタム,0.00033257502600542984
categorical__affiliation_context_jp_新シャッフル同盟,0.00030797275964489175
categorical__work_title_jp_機動戦士ガンダム外伝 コロニーの落ちた地で…,0.0002976493721459311
categorical__affiliation_context_jp_ジオン独立同盟,0.00028158433591697233
categorical__affiliation_context_jp_エゥーゴ/アナハイム・エレクトロニクス,0.0002709788477676741
categorical__work_title_jp_機動戦士ガンダムSEED MSV,0.00026517923475621836
categorical__affiliation_context_jp_カラバ,0.0002607585818026359
categorical__affiliation_context_jp_旧ジオン公国軍残党,0.0002578781795944603
categorical__affiliation_context_jp_民間人（アナハイム・エレクトロニクス含む）,0.0002512403158949285
categorical__affiliation_context_jp_バルチャー（フリーデン）,0.00024102924540051577
categorical__affiliation_context_jp_人類革新連盟,0.0002409810471845169
categorical__affiliation_context_jp_OZ（旧スペシャルズ）,0.0002300074840889206
categorical__work_title_jp_モビルスーツバリエーション（MSV）,0.00022466820758441472
categorical__affiliation_context_jp_民間人,0.000223440876664501
categorical__work_title_jp_機動戦士ガンダム 鉄血のオルフェンズ 月鋼,0.00021917477326709818
categorical__work_title_jp_機動戦士ガンダムSEED VS ASTRAY,0.0002175240749636454
categorical__affiliation_context_jp_ザフト軍（バルトフェルド隊）,0.00020480488256087085
categorical__affiliation_context_jp_ザフト軍,0.00020219774626212964
categorical__affiliation_context_jp_ザフト軍（その他）,0.00019944271743795123
categorical__work_title_jp_機動戦士ガンダム外伝 宇宙、閃光の果てに…,0.0001992101169969201
categorical__universe_code_SD,0.00019539297063255801
categorical__work_title_jp_機動戦士クロスボーン・ガンダムシリーズ,0.00019265979778284345
categorical__work_title_jp_機動戦士ガンダム戦記 Lost War Chronicles,0.00017621800955203938
categorical__work_title_jp_機動戦士VS伝説巨神 逆襲のギガンティス,0.00016373297135703654
categorical__medium_hint_Manga + Novel + Game,0.00016204313261824053
categorical__affiliation_context_jp_ディアナカウンター（ムーンレィス軍）,0.0001597214164883796
categorical__affiliation_context_jp_カタロン,0.00015719609224460612
categorical__work_title_jp_SDガンダム英雄伝,0.0001450498402145784
categorical__work_title_jp_機動武闘外伝ガンダムファイト7th,0.00014468618642064394
categorical__work_title_jp_機動戦士ガンダムSEED ASTRAY,0.00013601949376196326
categorical__work_title_jp_機動戦士ガンダムUC 星月の欠片,0.00012729719721915551
categorical__medium_hint_Manga + Model/variation project,0.0001248806143950112
categorical__affiliation_context_jp_ホシオカ工場,0.00012198529153365578
categorical__work_title_jp_機動戦士ガンダムΖΖ外伝 ジオンの幻陽,0.00011657382635642428
categorical__work_title_jp_機動戦士ガンダムF90,0.00011611095659584503
categorical__affiliation_context_jp_ドルトコロニー群,0.00011603970394966168
categorical__work_title_jp_魔法の少尉ブラスターマリ,0.00011362178125085905
categorical__affiliation_context_jp_第7回ガンダムファイト代表ガンダムファイター,0.00010922559155812055
categorical__work_title_jp_機動戦士ガンダムSEED DESTINY ASTRAY,0.00010882732608793574
categorical__work_title_jp_機動戦士ガンダムSEED DESTINY MSV,0.00010854986197787002
categorical__affiliation_context_jp_カラード,0.00010634106570591917
categorical__affiliation_context_jp_地球連邦軍（ホンコン・マハ）,9.483912309358599e-05
categorical__work_title_jp_機動戦士ガンダム クライマックスU.C.,9.14680071570188e-05
categorical__affiliation_context_jp_地球連邦軍（マハ）,9.072755198034055e-05
categorical__affiliation_context_jp_ギンガナム艦隊（ムーンレィス軍）,9.062147875061424e-05
categorical__affiliation_context_jp_バルチャー,8.261635767013496e-05
categorical__work_title_jp_機動戦士ガンダム MS戦線0079,8.181774484927731e-05
categorical__work_title_jp_機動戦士ガンダムAGE 〜追憶のシド〜,8.130652884003811e-05
categorical__affiliation_context_jp_ムーンレィス,7.972616082378947e-05
categorical__work_title_jp_機動戦士ガンダムF91 フォーミュラー戦記0122,7.49488100549103e-05
categorical__affiliation_context_jp_海賊部隊,6.804816816715672e-05
categorical__affiliation_context_jp_ハイム家,6.445715891490444e-05
categorical__work_title_jp_機動戦士ガンダムSEED FRAME ASTRAYS,6.280024691404334e-05
categorical__work_title_jp_機動戦士ガンダム スピリッツオブジオン,5.577613354532702e-05
categorical__affiliation_context_jp_サーペントテール,5.4205454396432726e-05
categorical__affiliation_context_jp_ジャンク屋組合,5.3190125134103204e-05
categorical__affiliation_context_jp_マゼラン級トーチタス,5.2739369276148815e-05
categorical__work_title_jp_ジオニックフロント 機動戦士ガンダム0079,4.8342665687428214e-05
categorical__affiliation_context_jp_隊長（シロー）,4.825276101311749e-05
categorical__affiliation_context_jp_ギャビー・ハザード,4.7995860468447e-05
categorical__affiliation_context_jp_トワサンガ,4.773256029563181e-05
categorical__affiliation_context_jp_傭兵,4.7632717374838644e-05
categorical__medium_hint_infrequent_sklearn,4.255158903915261e-05
categorical__affiliation_context_jp_アナハイム・エレトロニクス社,4.14170173591789e-05
categorical__affiliation_context_jp_宇宙革命軍,3.919038312076487e-05
categorical__work_title_jp_機動戦士ガンダムSEED X ASTRAY,3.7315528987243716e-05
categorical__work_title_jp_機動戦士ガンダム外伝 THE BLUE DESTINY,3.731419204062473e-05
categorical__work_title_jp_機動戦士ガンダム CROSS DIMENSION 0079 死にゆく者たちへの祈り,3.56924098756707e-05
categorical__affiliation_context_jp_木星帝国,3.3923093712853226e-05
categorical__work_title_jp_機動戦士ガンダム シルエットフォーミュラ91,3.336108265579683e-05
categorical__affiliation_context_jp_宇宙海賊ビシディアン,3.1221678914189934e-05
categorical__affiliation_context_jp_ライブラリアン,3.098165093186379e-05
categorical__affiliation_context_jp_地球連邦軍法務局,2.965540553793344e-05
categorical__work_title_jp_新機動戦記ガンダムW デュアルストーリー G-UNIT,2.625820829825127e-05
categorical__work_title_jp_機動戦士ガンダム00I,2.5360601450029593e-05
numeric__is_named_pilot_or_fighter_proxy,2.527376937703205e-05
categorical__affiliation_context_jp_第一世代,2.4308454902638035e-05
categorical__affiliation_context_jp_トレジャースターのクルー,2.3509649696098625e-05
categorical__work_title_jp_機動戦士ガンダムAGE トレジャースター,2.3346832934316537e-05
categorical__work_title_jp_機動新世紀ガンダムX〜UNDER THE MOONLIGHT〜,1.7955197425865285e-05
categorical__work_title_jp_ガンダムビルドファイターズ炎,1.6440119007757372e-05
categorical__work_title_jp_機動戦士ガンダム00F,1.62719044754955e-05
categorical__affiliation_context_jp_ニューディサイズ,1.6054676972564533e-05
categorical__affiliation_context_jp_聖鳳学園ガンプラバトル部チーム「トライ・ファイターズ」及び関係者,1.5959298119610443e-05
categorical__work_title_jp_模型戦士ガンプラビルダーズ ビギニングG,1.4777194869011287e-05
categorical__affiliation_context_jp_イノベイド,1.2631261688783356e-05
categorical__work_title_jp_機動戦士ガンダム 水星の魔女 ヴァナディースハート,1.2388210011830733e-05
categorical__work_title_jp_機動戦士ガンダム 鉄血のオルフェンズ ウルズハント,1.168677323229566e-05
categorical__affiliation_context_jp_OZプライズ,1.1184447849952429e-05
categorical__work_title_jp_ガンダムビルドファイターズD（ドキュメント） / A（アメイジング） / AR（アメイジングレディ）,1.1053375269258589e-05
categorical__work_title_jp_機動戦士ガンダム 水星の魔女（小説）,8.736946598016965e-06
categorical__affiliation_context_jp_エコール,7.074150674598536e-06
categorical__work_title_jp_機動戦士ガンダム00P,6.638095827016609e-06
categorical__work_title_jp_SDガンダム ムシャジェネレーション,6.579979915456793e-06
categorical__work_title_jp_新機動戦記ガンダムW EPISODE ZERO,4.7158175073136545e-06
categorical__affiliation_context_jp_天宮,4.100083081074785e-06
categorical__affiliation_context_jp_マーシャン,2.8950597466128986e-06
categorical__work_title_jp_ガンダムビルドファイターズ プラモダイバー キット&ビルト,2.662310897160532e-06
numeric__character_name_jp_is_known,0.0
numeric__raw_name_jp_is_known,0.0
numeric__character_name_en_is_known,0.0
numeric__character_name_en_char_len,0.0
categorical__voice_actor_jp_Unknown,0.0
numeric__has_voice_actor_jp,0.0
